id_municipio,id_estacao,estacao,data_fundacao,latitude,longitude,altitude
5300108,A001,Brasilia,2000-05-07,-15.78944444,-47.92583332,1160.96
5300108,A042,Brazlandia,2017-07-19,-15.59972221,-48.1311111,1143
5300108,A045,Aguas Emendadas,2008-10-03,-15.596491,-47.625801,1030.36
5300108,A046,Gama (Ponte Alta),2014-10-01,-15.93527777,-48.13749999,990
5300108,A047,Paranoa (Coopa-Df),2017-02-07,-16.012222,-47.557417,1043
5208707,A002,Goiania,2001-05-29,-16.642841,-49.220222,727.3
5213806,A003,Morrinhos,2001-05-25,-17.745066,-49.101698,751.09
5218003,A005,Porangatu,2001-06-04,-13.30944444,-49.11749999,365
5220405,A011,Sao Simao,2006-07-15,-18.969142,-50.633449,492.45
5212501,A012,Luziania,2006-10-21,-16.26055555,-47.96694443,1000.82
5201702,A013,Aragarcas,2007-07-13,-15.90277777,-52.24527777,327.35
5208905,A014,Goias,2007-07-18,-15.93972221,-50.14138888,512.86
5210901,A015,Itapaci,2007-02-03,-14.97972221,-49.53999999,551.16
5211909,A016,Jatai,2007-05-23,-17.923622,-51.717467,670.08
5218300,A017,Posse,2007-04-18,-14.08916666,-46.36638888,830
5208608,A022,Goianesia,2007-06-02,-15.22027777,-48.98999999,667.01
5204409,A023,Caiaponia,2007-05-21,-16.96694443,-51.81749999,740.1
5200605,A024,Alto Paraiso De Goias,2007-06-04,-14.13305554,-47.52333332,1264.7
5218805,A025,Rio Verde,2007-05-17,-17.78527777,-50.965,780.11
5213103,A026,Mineiros,2007-11-24,-17.45472222,-52.60111111,862
5216403,A027,Parauna,2008-03-29,-16.962536,-50.42545,678.74
5210208,A028,Ipora,2013-06-24,-16.42305554,-51.14888888,610.41
5207402,A029,Edeia,2017-08-26,-17.33694444,-49.91472222,608
5220207,A031,Sao Miguel Do Araguaia,2017-06-29,-12.82055554,-50.33583333,210
5213509,A032,Monte Alegre De Goias,2007-06-07,-13.253521,-46.890326,551.33
5217401,A033,Pires Do Rio,2007-10-12,-17.30416666,-48.28416666,757.27
5205109,A034,Catalao,2008-01-31,-18.154779,-47.927614,900.72
5211503,A035,Itumbiara,2007-11-01,-18.409761,-49.192061,491.17
5206206,A036,Cristalina,2007-12-14,-16.78499999,-47.61305555,1211.08
5220603,A037,Silvania,2010-10-08,-16.67972221,-48.61805554,952
5206206,A056,Cristalina (Fazenda Santa Monica),2018-01-25,-16.39944444,-47.62583332,932
5002704,A702,Campo Grande,2001-09-10,-20.447195,-54.722615,528.47
5006606,A703,Ponta Pora,2001-09-07,-22.5525,-55.71638888,668
5008305,A704,Tres Lagoas,2001-09-03,-20.78333333,-51.71222222,328.94
5004700,A709,Ivinhema,2003-02-08,-22.30055555,-53.82277777,377.36
5006309,A710,Paranaiba,2006-11-10,-19.69555555,-51.18166666,408.06
5003207,A717,Nhumirim,2006-08-02,-18.9886111,-56.62277777,102.26
5001102,A719,Aquidauana,2006-11-01,-20.47555554,-55.78388888,151.35
5003306,A720,Coxim,2006-11-06,-18.51222222,-54.7361111,251.48
5004502,A721,Dourados,2006-10-18,-22.19388888,-54.91138888,463.3
5002159,A722,Miranda,2006-11-02,-20.39555555,-56.43166666,132.49
5006903,A723,Porto Murtinho,2006-10-24,-21.70583333,-57.88666666,78.56
5003207,A724,Corumba,2006-10-26,-18.99667,-57.6375,111.73
5002951,A730,Chapadao Do Sul,2006-12-20,-18.80222222,-52.6025,820.82
5005400,A731,Maracaju,2006-12-15,-21.60916666,-55.17749999,388.94
5007695,A732,Sao Gabriel Do Oeste,2006-12-18,-19.42027777,-54.55305555,646
5002902,A742,Cassilandia,2008-03-08,-19.12249999,-51.72083332,494.72
5007208,A743,Rio Brilhante,2008-06-26,-21.774944,-54.528108,324.31
5005152,A749,Juti,2008-06-16,-22.85722222,-54.60555555,375.18
5000609,A750,Amambai,2008-06-11,-23.0025,-55.32944443,433.59
5007703,A751,Sete Quedas,2008-06-03,-23.96694443,-55.02416666,398.4
5004601,A752,Itaquirai,2008-05-28,-23.449501,-54.181858,337.82
5007901,A754,Sidrolandia,2008-09-29,-20.98166666,-54.97194443,471.43
5000203,A756,Agua Clara,2010-08-14,-20.44444444,-52.87583332,323.63
5002100,A757,Bela Vista,2011-08-09,-22.10166666,-56.54083333,206.09
5005004,A758,Jardim,2011-08-04,-21.4786111,-56.13777777,252.47
5001904,A759,Bataguassu,2013-03-21,-21.75,-52.47138888,392.13
5003256,A760,Costa Rica,2012-12-04,-18.49277777,-53.17138888,727.34
5007935,A761,Sonora,2012-11-30,-17.63527777,-54.76055555,495.25
5000856,S701,Angelica,2018-04-09,-22.148083,-53.763736,347
5001243,S702,Aral Moreira,2018-04-13,-22.955028,-55.626,605
5001508,S703,Bandeirantes,2018-01-29,-19.94555555,-54.3686111,624
5002209,S704,Bonito,2018-08-06,-21.24666666,-56.45055555,329
5002308,S705,Brasilandia,2018-04-06,-21.29833333,-52.06888888,345
5002407,S706,Caarapo,2018-03-03,-22.657056,-54.819306,456
5002605,S707,Camapua,2018-02-19,-19.58749999,-54.02999999,540
5003801,S708,Fatima Do Sul,2018-02-28,-22.30861111,-54.32583332,340
5004304,S709,Iguatemi,2018-02-19,-23.64444444,-54.57027777,319
5004502,S710,Itapora,2018-02-26,-22.092833,-54.798833,360
5005251,S711,Laguna Carapa,2018-04-12,-22.575389,-55.160333,499
5006002,S712,Nova Alvorada Do Sul,2018-02-23,-21.450972,-54.341972,5
5006200,S713,Nova Andradina,2018-04-09,-22.0786111,-53.46583333,372
5006408,S714,Pedro Gomes,2018-02-02,-18.07277777,-54.54888888,251
5007109,S715,Ribas Do Rio Pardo,2018-01-18,-20.466694,-53.763028,442
5007554,S716,Santa Rita Do Pardo,2018-02-19,-21.305889,-52.820375,383
5007802,S717,Selviria,2018-04-05,-20.35138888,-51.43027777,374
5103403,A901,Cuiaba,2002-12-08,-15.559295,-56.062951,241.56
5107958,A902,Tangara Da Serra,2002-12-11,-14.65,-57.43166666,440.01
5107305,A903,S.j. Do Rio Claro,2003-02-25,-13.45388888,-56.67722221,339.59
5107925,A904,Sorriso,2002-12-16,-12.555,-55.72277777,379.31
5102637,A905,Campo Novo Dos Parecis,2002-12-13,-13.78583333,-57.8386111,525.41
5104104,A906,Guaranta Do Norte,2002-12-20,-9.9525,-54.89777777,283.58
5107602,A907,Rondonopolis,2003-11-17,-16.4625,-54.58027777,289.88
5100201,A908,Agua Boa,2006-12-16,-14.01638888,-52.21166666,440
5100300,A909,Alto Araguaia,2011-09-22,-17.33944444,-53.22444443,753.28
5100805,A910,Apiacas,2006-10-24,-9.56333333,-57.3936111,217.75
5107875,A911,Sapezal,2017-10-20,-13.30388888,-58.76333333,105
5102678,A912,Campo Verde,2006-11-21,-15.53138888,-55.13555555,748.27
5103304,A913,Comodoro,2006-11-28,-13.70805555,-59.7625,576.87
5105101,A914,Juara,2006-11-02,-11.28027777,-57.52666666,263.43
5106307,A915,Paranatinga,2006-12-19,-14.42138888,-54.0361111,476.91
5107909,A917,Sinop,2006-10-29,-11.98222221,-55.56611111,366.57
5103379,A919,Cotriguacu,2007-05-28,-9.90638888,-58.57222221,265
5105150,A920,Juina,2006-11-24,-11.375126,-58.774785,365.39
5107859,A921,Sao Felix  Do Araguaia,2007-10-19,-11.61888888,-50.72777777,201.37
5105507,A922,Vila Bela Da Santissima Trindade,2006-12-01,-15.06277777,-59.87305554,213
5107040,A923,Primavera Do Leste,2017-10-26,-15.57999999,-54.3811111,680
5100250,A924,Alta Floresta,2007-05-23,-10.07722221,-56.17916666,291.85
5102793,A926,Carlinda,2008-04-09,-9.97055554,-55.82749999,293.71
5101902,A927,Brasnorte (Novo Mundo),2008-02-29,-12.52194443,-58.23138888,426.2
5108907,A928,Nova Maringa,2008-04-16,-13.0386111,-57.09222221,334.36
5106240,A929,Nova Ubirata,2008-04-13,-13.41111111,-54.75222222,466.48
5103858,A930,Gaucha Do Norte,2008-06-04,-13.18472221,-53.2575,375.87
5107792,A931,Santo Antonio Do Leste,2008-05-30,-14.92777777,-53.8836111,664.21
5104203,A932,Guiratinga,2008-01-24,-16.34166666,-53.76611111,525.43
5104609,A933,Itiquira,2008-08-14,-17.17499999,-54.50166666,593.12
5100607,A934,Alto Taquari,2008-01-29,-17.8411111,-53.28944444,862.42
5106851,A935,Porto Estrela,2008-05-30,-15.32472221,-57.22583332,147.75
5107750,A936,Salto Do Ceu,2008-01-24,-15.12472221,-58.12722221,300.83
5106752,A937,Pontes E Lacerda,2008-01-30,-15.23444444,-59.3461111,272.53
5107354,A942,Sao Jose Do Xingu,2019-02-19,-10.48416666,-52.37249999,300
5107883,A943,Serra Nova Dourada,2019-03-29,-11.98777777,-51.4261111,441
5107701,A944,Rosario Oeste,2019-05-30,-14.82888888,-56.44194444,195
2704302,A303,Maceio,2003-02-25,-9.55111111,-35.77027777,84.12
2706406,A323,Pao De Acucar,2007-07-14,-9.74916666,-37.43083332,20.83
2706307,A327,Palmeira Dos Indios,2007-07-11,-9.42027777,-36.62027777,278.01
2700300,A353,Arapiraca,2008-04-27,-9.80444444,-36.61916666,236.84
2702306,A355,Coruripe,2008-09-06,-10.1286111,-36.28638888,82.39
2708501,A356,Sao Luis Do Quitunde,2008-09-08,-9.28749999,-35.56583333,13.69
2707107,A371,Piranhas,2017-09-20,-9.62222221,-37.76722221,187
2927408,A401,Salvador,2000-05-13,-13.005515,-38.50576,47.56
2903201,A402,Barreiras,2001-12-20,-12.12472221,-45.02694443,474.17
2919553,A404,Luiz Eduardo Magalhaes,2002-04-18,-12.1525,-45.82972221,760.68
2906907,A405,Caravelas,2002-12-20,-17.73944444,-39.25861111,6.05
2909802,A406,Cruz Das Almas,2003-01-19,-12.67555554,-39.08944444,219.76
2917607,A407,Itirucu,2003-02-09,-13.527828,-40.119752,757.42
2914703,A408,Itaberaba,2003-01-29,-12.52416666,-40.29972221,250.11
2913606,A410,Ilheus,2003-01-25,-14.658803,-39.181438,80.21
2919603,A412,Macajuba,2003-02-03,-12.13166666,-40.35416666,338.85
2910800,A413,Feira De Santana,2007-05-26,-12.1961111,-38.96749999,229.64
2933307,A414,Vitoria Da Conquista,2007-06-01,-14.88638888,-40.80138888,879.38
2928406,A415,Santa Rita De Cassia,2007-05-28,-11.00277777,-44.52499999,450.01
2909307,A416,Correntina,2007-11-09,-13.33249999,-44.61749999,551.71
2903904,A418,Bom Jesus Da Lapa,2007-05-18,-13.25111111,-43.40527777,447.75
2906907,A422,Abrolhos,2008-07-21,-17.96305555,-38.70333333,20.93
2926004,A423,Remanso,2008-03-26,-9.62555554,-42.07722221,397.4
2914604,A424,Irece,2008-03-31,-11.328998,-41.864504,768.42
2919306,A425,Lencois,2008-04-05,-12.557854,-41.388808,438.09
2911709,A426,Guanambi,2008-04-24,-14.20805555,-42.74972221,552.23
2925303,A427,Porto Seguro,2008-07-10,-16.38888888,-39.18249999,86.36
2930105,A428,Senhor Do Bonfim,2008-03-27,-10.44305555,-40.14833333,532.09
2902708,A429,Barra,2008-05-12,-11.08472221,-43.13888888,407.5
2924306,A430,Piata,2008-05-03,-13.155681,-41.774125,1283.95
2908606,A431,Conde,2008-04-07,-12.03583333,-37.68388888,31.9
2904753,A432,Buritirama,2008-05-15,-10.72305554,-43.65111111,506.06
2904605,A433,Brumado,2008-04-28,-14.18194443,-41.67222221,473.37
2901007,A434,Amargosa,2008-07-11,-13.009468,-39.616881,397.8
2932002,A435,Uaua,2008-05-20,-9.8336111,-39.49555555,450.6
2925808,A436,Queimadas,2008-05-23,-10.98472221,-39.61694443,310.11
2932507,A437,Una,2008-06-25,-15.28027777,-39.09138888,74.08
2920700,A438,Marau,2008-06-22,-13.90694444,-38.97222221,6.24
2913200,A439,Ibotirama,2008-04-28,-12.19305555,-43.21333333,425.12
2917508,A440,Jacobina,2008-05-01,-11.205,-40.465,440.78
2930501,A441,Serrinha,2008-05-09,-11.66472222,-39.02305554,337.79
2910701,A442,Euclides Da Cunha,2008-03-31,-10.537233,-38.996605,431.96
2932457,A443,Delfino,2008-07-15,-10.455,-41.20694444,646.24
2932903,A444,Valenca,2009-06-29,-13.3436111,-39.12666666,93.12
2913903,A445,Ipiau,2009-06-30,-14.17138888,-39.69249999,132.11
2916401,A446,Itapetinga,2009-06-25,-15.24472221,-40.22944443,271.48
2927705,A447,Belmonte,2009-07-02,-16.08805555,-39.21527777,89.67
2909901,A448,Curaca,2015-08-20,-9.00138888,-39.9125,370
2924405,A449,Pilao Arcado,2016-05-28,-10.01833332,-42.50027777,385
2918100,A450,Jeremoabo,2015-08-13,-10.08083332,-38.34583333,261
2911105,A452,Formoso Do Rio Preto,2016-06-02,-11.05222222,-45.20083333,488
2915601,A455,Itamaraju,2016-05-28,-17.00694444,-39.55805555,110
2927408,A456,Salvador (Radio Farol),2018-03-10,-12.80833333,-38.49583333,31
2926509,A458,Ribeira Do Amparo,2018-09-20,-11.05861111,-38.44416666,182
2304400,A305,Fortaleza,2003-02-18,-3.815701,-38.537792,29.55
2312908,A306,Sobral,2003-02-12,-3.74805555,-40.34583333,92.07
2305100,A314,Guaramiranga,2007-05-26,-4.26138888,-38.9311111,865.53
2301901,A315,Barbalha,2007-05-31,-7.30083333,-39.2711111,409.41
2305506,A319,Iguatu,2007-05-30,-6.39638888,-39.26888888,221.56
2313302,A324,Taua,2007-07-12,-6.01749999,-40.28138888,410.87
2311405,A325,Quixeramobim,2007-07-09,-5.17444443,-39.28944444,221.04
2308708,A332,Morada Nova,2007-08-24,-5.13666666,-38.35666666,45.03
2307007,A339,Jaguaruana,2007-11-10,-4.78694444,-37.76666666,49
2304103,A342,Crateus,2008-12-11,-5.18666666,-40.67222221,298.19
2302701,A347,Campos Sales,2008-03-07,-7.07777777,-40.36277777,577.95
2306900,A358,Jaguaribe,2008-09-10,-5.90555555,-38.62777777,149.31
2306405,A359,Itapipoca,2008-09-05,-3.48416666,-39.5886111,104.49
2307809,A360,Acarau,2009-04-22,-3.1211111,-40.08722221,67.15
2313401,A368,Tiangua,2018-03-15,-3.73222221,-41.01194444,756
2311306,A369,Quixada,2018-03-20,-4.97888888,-39.05722222,193
2111300,A203,Sao Luis,2003-01-29,-2.52666666,-44.21361111,54.8
2101400,A204,Balsas,2007-10-26,-7.45555555,-46.02749999,271.03
2102804,A205,Carolina,2007-12-04,-7.337269,-47.459839,182.88
2103208,A206,Chapadinha,2008-09-17,-3.74277777,-43.35222222,104
2104800,A207,Grajau,2008-09-10,-5.81611111,-46.16222222,232.29
2105005,A217,Farol De Santana,2008-11-28,-2.27083332,-43.62416666,9.87
2101707,A218,Preguicas,2008-11-22,-2.59222221,-42.7075,4.62
2112407,A219,Turiacu,2008-06-10,-1.66111111,-45.37249999,35.86
2101202,A220,Bacabal,2008-07-09,-4.24305555,-44.79499999,22.33
2101608,A221,Barra Do Corda,2008-03-06,-5.50666666,-45.23694444,154.19
2103505,A222,Colinas,2008-06-03,-6.03305554,-44.23333333,175.37
2100501,A223,Alto Parnaiba,2008-06-03,-9.10833333,-45.93194443,283.69
2104057,A224,Estreito,2008-02-27,-6.65333333,-47.41833332,182.96
2105302,A225,Imperatriz,2008-03-01,-5.555723,-47.459794,117.96
2103000,A237,Caxias,2008-07-13,-4.82138888,-43.3436111,84.85
2102325,A238,Buriticupu,2008-09-11,-4.32055554,-46.44944444,174.91
2114007,A255,Ze Doca,2019-09-18,-3.26916666,-45.65111111,45.5
2501104,A310,Areia,2004-11-16,-6.975451,-35.718128,573.45
2504009,A313,Campina Grande,2006-12-22,-7.225574,-35.904831,546.17
2507507,A320,Joao Pessoa,2007-07-21,-7.16527777,-34.81555555,33.5
2510808,A321,Patos,2007-07-21,-7.07972221,-37.27277777,263.66
2516201,A333,Sao Goncalo,2007-11-06,-6.835777,-38.311583,237.04
2509701,A334,Monteiro,2007-08-22,-7.89444444,-37.12472221,606.39
2503100,A348,Cabaceiras,2008-02-28,-7.48333333,-36.28638888,391.96
2508901,A352,Camaratuba,2008-05-04,-6.56194444,-35.13527777,135.51
2507002,A373,Itaporanga,2017-11-03,-7.31833332,-38.14083333,292
2611606,A301,Recife,2004-12-22,-8.05916666,-34.95916666,11.3
2611101,A307,Petrolina,2003-02-21,-9.388323,-40.523262,372.72
2601201,A309,Arco Verde,2004-11-20,-8.4336111,-37.05555555,683.95
2606002,A322,Garanhuns,2007-07-08,-8.91095,-36.493381,827.78
2614501,A328,Surubim,2008-03-09,-7.83972221,-35.80111111,421.44
2603009,A329,Cabrobo,2007-09-04,-8.504,-39.31528,342.74
2604106,A341,Caruaru,2007-11-21,-8.36527777,-36.02833332,852
2606606,A349,Ibimirim,2008-10-14,-8.50944444,-37.71166666,434.23
2613909,A350,Serra Talhada,2008-07-09,-7.954277,-38.295082,499.02
2605707,A351,Floresta,2008-09-15,-8.59888888,-38.58416666,327.42
2610004,A357,Palmares,2008-09-04,-8.66666666,-35.56805554,164.01
2609907,A366,Ouricuri,2010-08-11,-7.88583333,-40.10277777,457.85
2612208,A370,Salgueiro,2017-09-15,-8.05805555,-39.0961111,447
2207702,A308,Parnaiba,2003-02-06,-3.08666666,-41.78305554,52.11
2203909,A311,Floriano,2004-11-18,-6.76138888,-43.00333333,126.39
2211001,A312,Teresina,2004-11-24,-5.03472221,-42.80138888,75.23
2201903,A326,Bom Jesus Do Piaui,2007-07-17,-9.08333333,-44.32638888,296
2207801,A330,Paulistana,2007-08-31,-8.132288,-41.142945,376
2210003,A331,Sao Joao Do Piaui,2007-08-26,-8.36444444,-42.2525,231
2208403,A335,Piripiri,2007-08-31,-4.276047,-41.794568,157.89
2200459,A336,Alvorada Do Gurgueia,2007-11-17,-8.44166666,-43.86555555,261.26
2202505,A337,Caracol,2007-11-10,-9.28583333,-43.32444443,515.3
2208007,A343,Picos,2008-12-12,-7.0711111,-41.40416666,232.91
2210607,A345,Sao Raimundo Nonato,2008-02-27,-9.03333333,-42.70111111,383.13
2211209,A346,Urucui,2008-03-06,-7.44138888,-44.34499999,398.83
2207009,A354,Oeiras,2008-07-22,-6.97416666,-42.14694444,154.03
2202604,A361,Castelo Do Piaui,2009-04-20,-5.34916666,-41.51222222,268.75
2211308,A363,Valenca Do Piaui,2009-04-18,-6.39916666,-41.73999999,313.39
2204402,A364,Gilbues,2009-05-16,-9.87527777,-45.34583333,425.1
2202307,A365,Canto Do Buriti,2010-06-12,-8.117939,-42.975721,312.07
2202901,A374,Corrente,2018-03-28,-10.42916666,-45.17305554,452
2201150,A375,Baixa Grande Do Ribeiro,2018-03-23,-8.333531,-45.094625,519
2202208,A376,Campo Maior,2018-11-23,-4.86416666,-42.14555555,125
2200608,A377,Angical Do Piaui,2019-11-14,-6.08944444,-42.72749999,183
2408102,A304,Natal,2003-02-24,-5.83722221,-35.20805555,47.46
2402006,A316,Caico,2007-01-07,-6.46749999,-37.08499999,171.26
2407203,A317,Macau,2007-01-06,-5.15111111,-36.57305554,17.37
2411056,A318,Mossoro,2007-05-22,-4.90416666,-37.36694443,29.44
2401008,A340,Apodi,2007-11-14,-5.62666666,-37.815,131.41
2414407,A344,Calcanhar,2008-05-08,-5.16,-35.48749999,9.82
2411205,A367,Santa Cruz,2010-08-17,-6.22805554,-36.02666666,227.49
2404705,A372,Ipanguacu,2017-11-08,-5.53499999,-36.87222221,19
2800308,A409,Aracaju,2003-02-12,-10.9525,-37.05444444,3.72
2803005,A417,Itabaianinha,2007-05-23,-11.2725,-37.795,204.8
2805505,A419,Poco Verde,2008-04-03,-10.73805555,-38.10833333,367.01
2801405,A420,Carira,2008-03-28,-10.39972221,-37.74749999,289.92
2800704,A421,Brejo Grande,2008-07-17,-10.47388888,-36.48194443,6.11
2802908,A451,Itabaiana,2017-04-24,-10.67166666,-37.47138888,213
2804508,A453,Nossa Senhora Da Gloria,2017-03-24,-10.20777777,-37.43194443,271
1200344,A102,Parque Estadual Chandless,2008-08-05,-9.35833333,-69.92638888,184.51
1200401,A104,Rio Branco,2008-07-11,-9.95777777,-68.16527777,223.52
1200203,A108,Cruzeiro Do Sul,2015-05-14,-7.61083333,-72.68138888,220
1200393,A136,Porto Walter,2009-10-29,-8.26722221,-72.74777777,205.35
1200351,A137,Marechal Thaumaturgo,2009-10-27,-8.95,-72.78666666,220.98
1200302,A138,Feijo,2009-09-24,-8.142654,-70.343594,157.17
1200252,A140,Epitaciolandia,2009-09-25,-11.02388888,-68.73527777,224.5
1302603,A101,Manaus,2000-05-09,-3.10361111,-60.01555555,48.79
1301407,A109,Eirunepe,2012-08-31,-6.65027777,-69.8686111,121.54
1300706,A110,Boca Do Acre,2008-07-15,-8.77666666,-67.33249999,111.98
1302405,A111,Labrea,2008-07-27,-7.26055555,-64.7886111,61.91
1301704,A112,Humaita,2008-04-25,-7.5525,-63.07138888,53.56
1300144,A113,Apui,2008-07-19,-7.20555555,-59.8886111,156.97
1301209,A117,Coari,2008-04-12,-4.09749999,-63.14527777,33.84
1302504,A119,Manacapuru,2008-04-10,-3.29472221,-60.62833332,36.57
1300300,A120,Autazes,2008-04-17,-3.58333333,-59.12944443,19.9
1301902,A121,Itacoatiara,2008-04-17,-3.13333333,-58.48277777,41.54
1302900,A122,Maues,2008-04-22,-3.39888888,-57.67388888,25.49
1303403,A123,Parintins,2008-04-11,-2.63916666,-56.75611111,18.72
1304302,A124,Urucara,2008-04-17,-2.53472221,-57.75805555,18.49
1303569,A125,Rio Urubu,2008-06-26,-2.6336111,-59.60055555,112.84
1303536,A126,Presidente Figueiredo,2008-04-19,-2.05666666,-60.02583332,60.99
1300409,A128,Barcelos,2008-04-19,-0.98722221,-62.92416666,29.88
1302702,A133,Manicore,2011-12-12,-5.7886111,-61.28833333,40.64
1303809,A134,S. G. Da Cachoeira,2011-08-31,-0.125207,-67.061246,79.67
1300144,A144,Novo Aripuana,2019-07-18,-8.0911111,-60.38055554,45
1600501,A242,Oiapoque,2008-09-11,3.81361111,-51.8625,15.14
1600535,A244,Porto Grande,2008-09-17,0.69416666,-51.40388888,84.8
1600303,A249,Macapa,2013-12-12,0.03499999,-51.08888888,16.62
1600253,A251,Itaubal,2017-08-24,0.56777777,-50.8236111,21
1501402,A201,Belem,2003-01-20,-1.411228,-48.439512,21.17
1502400,A202,Castanhal,2003-01-24,-1.30083333,-47.94805555,47.13
1504455,A209,Medicilandia,2008-02-17,-3.51083333,-52.96333333,251.68
1505486,A210,Pacaja,2008-02-27,-3.8436111,-50.63805555,89.02
1505650,A211,Placas,2008-02-14,-3.86416666,-54.21638888,100.45
1505502,A212,Paragominas,2007-10-18,-2.99027777,-47.40777777,113
1508001,A213,Tome Acu,2007-10-14,-2.59249999,-48.36055555,42.95
1506187,A214,Rondon Do Para,2008-04-17,-4.82749999,-48.1736111,203
1506203,A215,Salinopolis,2008-06-14,-0.61888888,-47.35666666,23.18
1507300,A216,Sao Felix Do Xingu,2016-11-15,-6.639622,-51.956966,211
1501709,A226,Braganca,2008-03-11,-1.04722221,-46.78583333,41
1507904,A227,Soure,2008-04-27,-0.72777777,-48.51583333,12.54
1501808,A228,Breves,2017-10-20,-1.68027777,-50.47805554,11
1508100,A229,Tucurui,2008-03-01,-3.82277777,-49.67499999,137.94
1505536,A230,Serra Dos Carajas,2008-09-03,-6.07749999,-50.14222221,707
1503606,A231,Itaituba,2008-02-17,-4.27694443,-55.99305555,24.46
1505106,A232,Obidos,2012-07-05,-1.88083332,-55.51972221,89.64
1506708,A233,Santana Do Araguaia,2008-05-30,-9.3386111,-50.35027777,176.75
1508084,A234,Tucuma,2008-07-18,-6.74333333,-51.14194444,320.93
1505064,A235,Novo Repartimento,2008-07-23,-4.243989,-49.939308,100.76
1502103,A236,Cameta,2008-06-20,-2.23972221,-49.49972221,9.92
1504802,A239,Monte Alegre,2012-07-06,-2,-54.07638888,100.53
1504208,A240,Maraba,2009-06-25,-5.36638888,-49.05111111,116.58
1502707,A241,Conceicao Do Araguaia,2008-09-04,-8.30361,-49.28277,175.74
1503606,A246,Mina Do Palito,2010-09-28,-6.31999999,-55.78777777,259.88
1508407,A247,Xinguara,2016-09-11,-7.110518,-49.926072,245
1502301,A248,Capitao Poco,2011-04-18,-1.73472221,-47.0575,79.1
1506807,A250,Santarem,2015-09-02,-2.5025,-54.72027777,137
1502939,A252,Dom Eliseu,2018-03-08,-4.28055554,-47.56388888,251
1500602,A253,Altamira,2018-10-25,-3.27027777,-52.39472221,191
1506138,A254,Redencao,2019-07-11,-8.04333333,-50.00694444,199
1506583,A256,Santa Maria Das Barreiras,2020-12-18,-8.72972221,-49.85638888,165
1100205,A925,Porto Velho,2007-07-11,-8.7936111,-63.84583333,86.7
1100304,A938,Vilhena,2008-08-26,-12.73499999,-60.15777777,583.3
1100049,A939,Cacoal,2008-07-20,-11.445837,-61.434146,183.53
1100023,A940,Ariquemes,2008-07-18,-9.94888888,-62.96194444,128.44
1400100,A135,Boa Vista,2010-08-26,2.81694443,-60.69083333,82.35
1721000,A009,Palmas,2004-12-17,-10.190744,-48.301811,291.87
1716208,A010,Parana,2005-03-04,-12.615,-47.87194443,284.96
1716604,A018,Peixe,2006-12-01,-12.015377,-48.544517,250.87
1709500,A019,Gurupi,2006-12-20,-11.74583333,-49.04972221,279.07
1716505,A020,Pedro Afonso,2007-01-23,-8.968677,-48.177259,189.71
1702109,A021,Araguaina,2007-01-26,-7.10388888,-48.20111111,230.76
1707009,A038,Dianopolis,2008-08-30,-11.59444444,-46.84722221,727.87
1708205,A039,Formoso Do Araguaia,2008-04-27,-11.88749999,-49.60833333,215.2
1712702,A040,Mateiros,2012-10-25,-10.43444444,-45.92194443,791
1703909,A041,Marianopolis Do To,2012-11-24,-9.576389,-49.723333,186.69
1703842,A043,Campos Lindos,2012-10-29,-8.15472222,-46.63944444,426.56
1702208,A044,Araguatins,2009-03-12,-5.6436111,-48.11194444,130.71
1718865,A048,Santa Fe Do Araguaia,2016-07-30,-7.124191,-48.781267,171
1705508,A049,Colinas Do Tocantins,2016-11-11,-8.092708,-48.478605,200
1718758,A050,Rio Sono,2016-08-03,-9.793363,-47.132732,291
1717503,A051,Pium,2016-04-06,-10.47694443,-49.62944443,161
1718907,A052,Santa Rosa Do Tocantins,2015-08-14,-11.42888888,-48.18499999,306
1700400,A053,Almas,2016-04-01,-11.28416666,-47.21222222,503
1702000,A054,Araguacu,2015-08-19,-12.59222221,-49.5286111,231
1711902,A055,Lagoa Da Confusao,2016-11-15,-10.828286,-49.847882,178
3205309,A612,Vitoria,2006-10-31,-20.27083332,-40.30583333,9
3204500,A613,Santa Teresa,2007-08-09,-19.988388,-40.579572,975.92
3203205,A614,Linhares,2006-10-27,-19.35694444,-40.0686111,40
3200300,A615,Alfredo Chaves,2006-11-03,-20.63638888,-40.74194444,14.19
3204906,A616,Sao Mateus,2006-10-25,-18.676198,-39.864051,28.66
3200201,A617,Alegre,2006-10-25,-20.75055555,-41.48888888,138
3204302,A622,Pres. Kennedy,2008-06-18,-21.10083333,-41.03944444,69.12
3203908,A623,Nova Venecia,2008-06-22,-18.69527777,-40.39055555,156.02
3202108,A631,Ecoporanga,2017-03-17,-18.29138888,-40.73638888,224
3203353,A632,Marilandia,2017-03-22,-19.407181,-40.539825,95
3205069,A633,Venda Nova Do Imigrante,2017-02-10,-20.38555555,-41.18999999,722
3205200,A634,Vila Velha,2017-02-15,-20.46694443,-40.40388888,25
3200102,A657,Afonso Claudio,2011-09-24,-20.10416666,-41.10694444,507.48
3105608,A502,Barbacena,2002-12-05,-21.22833332,-43.76777777,1168.76
3104007,A505,Araxa,2002-12-19,-19.605696,-46.949617,1018.32
3143302,A506,Montes Claros,2002-12-19,-16.68638888,-43.84388888,645.87
3170206,A507,Uberlandia,2002-12-18,-18.91694443,-48.25555555,874.77
3101706,A508,Almenara,2002-12-15,-16.166773,-40.687756,189.11
3110509,A509,Monte Verde,2004-12-19,-22.86166666,-46.04333333,1544.89
3171303,A510,Vicosa,2005-09-15,-20.762607,-42.864013,697.64
3168705,A511,Timoteo,2006-02-22,-19.57388888,-42.62249999,493.42
3134202,A512,Ituiutaba,2006-05-12,-18.95277777,-49.52499999,540.08
3145901,A513,Ouro Branco,2006-07-28,-20.55666666,-43.75611111,1048.2
3162500,A514,Sao Joao Del Rei,2006-06-09,-21.106502,-44.250928,929.88
3170701,A515,Varginha,2006-07-13,-21.56638888,-45.40416666,949.78
3147907,A516,Passos,2006-07-16,-20.745237,-46.633916,781.7
3143906,A517,Muriae,2006-08-30,-21.104867,-42.375904,282.79
3136702,A518,Juiz De Fora,2007-05-26,-21.769965,-43.364329,936.88
3111101,A519,Campina Verde,2006-07-15,-19.53921,-49.518133,559.07
3117306,A520,Conceicao Das Alagoas,2006-07-18,-19.98586,-48.151574,572.54
3106200,A521,Pampulha,2006-10-10,-19.883945,-43.969397,854.02
3166709,A522,Serra Dos Aimores,2006-08-21,-17.79888888,-40.25,211.97
3148103,A523,Patrocinio,2006-08-22,-18.996684,-46.985935,978.11
3126109,A524,Formiga,2006-08-17,-20.455,-45.45388888,878.14
3156908,A525,Sacramento,2006-08-19,-19.87527777,-47.43416666,913.12
3142700,A526,Montalvania,2007-06-26,-14.40833333,-44.40416666,519.52
3168606,A527,Teofilo Otoni,2006-08-25,-17.89284,-41.515423,467.17
3161700,A528,Tres Marias,2006-08-25,-18.200855,-45.459836,931.01
3147600,A529,Passa Quatro,2007-05-30,-22.395799,-44.961909,1017.1
3110301,A530,Caldas,2006-11-28,-21.918066,-46.382996,1077.34
3139904,A531,Maria Da Fe,2006-12-01,-22.314567,-45.373049,1281.43
3127701,A532,Governador Valadares,2007-05-27,-18.830354,-41.977007,198.24
3128006,A533,Guanhaes,2007-06-02,-18.78694444,-42.94305555,852.68
3101102,A534,Aimores,2007-08-05,-19.53277777,-41.09083333,287.74
3126000,A535,Florestal,2008-06-27,-19.885398,-44.416883,753.5
3123205,A536,Dores Do Indaia,2007-06-01,-19.481935,-45.593932,721.09
3121605,A537,Diamantina,2007-06-05,-18.231052,-43.648269,1359.25
3120904,A538,Curvelo,2006-12-18,-18.747711,-44.453785,669.48
3135050,A539,Mocambinho,2007-11-11,-15.085958,-44.016036,454
3139607,A540,Mantena,2007-08-01,-18.78062,-40.986505,254.91
3112307,A541,Capelinha,2007-08-31,-17.70555555,-42.38916666,932.06
3170404,A542,Unai,2007-06-16,-16.55416666,-46.88194443,640.85
3124302,A543,Espinosa,2007-11-14,-14.91222222,-42.80861111,565.36
3109303,A544,Buritis,2007-06-19,-15.52416666,-46.43555555,894
3151206,A545,Pirapora,2007-07-04,-17.258064,-44.835556,505.32
3128600,A546,Guarda-Mor,2007-07-11,-17.56138888,-47.19916666,997.01
3164209,A547,Sao Romao,2007-06-30,-16.362747,-45.123801,490.29
3116159,A548,Chapada Gaucha,2007-06-22,-15.30027777,-45.61749999,873.2
3101003,A549,Aguas Vermelhas,2007-09-09,-15.751536,-41.457787,754.07
3133303,A550,Itaobim,2007-09-05,-16.575667,-41.485588,271.63
3155603,A551,Rio Pardo De Minas,2007-11-17,-15.72305554,-42.43583333,850.06
3157005,A552,Salinas,2007-09-14,-16.16027777,-42.31027777,487.14
3136306,A553,Joao Pinheiro,2007-07-07,-17.784477,-46.119394,877.05
3113404,A554,Caratinga,2007-05-24,-19.735757,-42.137146,609.25
3106200,A555,Ibirite (Rola Moca),2008-06-06,-20.031457,-44.011249,1198.82
3139409,A556,Manhuacu,2010-09-25,-20.26333333,-42.18277777,819.47
3127388,A557,Coronel Pacheco,2012-10-17,-21.546728,-43.261029,411.14
3117836,A559,Januaria,2016-06-23,-15.448089,-44.366313,468
3164704,A561,Sao Sebastiao Do Paraiso,2015-08-17,-20.91,-47.11416666,845
3148004,A562,Patos De Minas,2017-05-12,-18.52055554,-46.44055555,950
3145059,A563,Janauba,2016-11-19,-15.80277777,-43.29694444,532
3122306,A564,Divinopolis,2017-10-26,-20.17333332,-44.87499999,796
3105103,A565,Bambui,2016-11-23,-20.0311111,-46.00888888,697
3103405,A566,Aracuai,2017-05-19,-16.84888888,-42.03527777,308
3139003,A567,Machado,2017-07-21,-21.680722,-45.944389,969
3170107,A568,Uberaba,2017-05-19,-19.71,-47.96194444,778
3167202,A569,Sete Lagoas,2016-06-10,-19.45527777,-44.17333332,719
3145604,A570,Oliveira,2017-10-19,-20.715,-44.86444444,1025
3147006,A571,Paracatu,2018-03-16,-17.24444444,-46.88166666,705
3106200,F501,Belo Horizonte - Cercadinho,2013-12-27,-19.97999999,-43.95861111,1199.55
3305554,A601,Seropedica-Ecologia Agricola,2000-05-24,-22.75777777,-43.68472221,35
3304557,A602,Rio De Janeiro-Marambaia,2002-11-08,-23.05027777,-43.59555555,12
3301702,A603,Duque De Caxias - Xerem,2002-10-21,-22.58972221,-43.28222221,22
3300902,A604,Cambuci,2002-11-20,-21.58749999,-41.95833333,46
3300258,A606,Arraial Do Cabo,2006-09-22,-22.97527777,-42.02138888,5
3301009,A607,Campos Dos Goytacazes,2006-09-25,-21.71472222,-41.34388888,17
3302403,A608,Macae,2006-09-22,-22.3761111,-41.81194444,28
3304201,A609,Resende,2006-09-29,-22.45138888,-44.44499999,438.83
3303906,A610,Pico Do Couto,2006-10-22,-22.46472222,-43.29138888,1777
3306107,A611,Valenca,2006-09-27,-22.35805555,-43.69555555,370
3305802,A618,Teresopolis-Parque Nacional,2006-11-01,-22.4486111,-42.98694444,981
3303807,A619,Parati,2006-11-19,-23.2236111,-44.72694443,3
3301009,A620,Campos Dos Goytacazes - Sao Tome,2008-06-13,-22.04166666,-41.05166666,7
3304557,A621,Rio De Janeiro - Vila Militar,2007-04-13,-22.86138888,-43.41138888,30.43
3303401,A624,Nova Friburgo - Salinas,2010-09-18,-22.33472221,-42.67694443,1070
3306008,A625,Tres Rios,2016-06-08,-22.09833333,-43.20833333,295
3304409,A626,Rio Claro,2016-06-03,-22.653579,-44.040916,516
3303302,A627,Niteroi,2018-07-13,-22.867389,-43.102056,6
3300100,A628,Angra Dos Reis,2017-08-25,-22.97555554,-44.30333333,6
3301207,A629,Carmo,2018-10-11,-21.938745,-42.600936,293
3304607,A630,Santa Maria Madalena,2018-10-16,-21.95055555,-42.01027777,517
3304201,A635,Itatiaia,2017-09-01,-22.37388888,-44.70305555,2450
3304557,A636,Rio De Janeiro - Jacarepagua,2017-08-10,-22.939883,-43.402897,20
3304557,A652,Rio De Janeiro - Forte De Copacabana,2007-05-18,-22.98833333,-43.19055555,25.59
3305604,A659,Silva Jardim,2015-08-28,-22.64583333,-42.41555555,19
3305505,A667,Saquarema - Sampaio Correia,2015-09-02,-22.8711111,-42.60888888,26
3550308,A701,Sao Paulo - Mirante,2006-07-25,-23.496294,-46.620088,785.64
3506003,A705,Bauru,2001-08-30,-22.358052,-49.028877,636.17
3509700,A706,Campos Do Jordao,2002-03-13,-22.75027777,-45.60388888,1662.95
3541406,A707,Presidente Prudente,2003-02-04,-22.119867,-51.408637,431.92
3516200,A708,Franca,2002-12-12,-20.58444444,-47.38249999,1002.74
3548906,A711,Sao Carlos,2006-09-04,-21.980353,-47.883927,859.29
3520301,A712,Iguape,2006-07-20,-24.67166666,-47.54583333,2.7
3521002,A713,Sorocaba,2006-08-22,-23.4261111,-47.58555555,609.33
3522406,A714,Itapeva,2006-07-25,-23.98194443,-48.88583333,743.33
3550209,A715,Sao Miguel Arcanjo,2006-08-15,-23.85194444,-48.16472222,675.68
3534708,A716,Ourinhos,2006-08-29,-22.94888888,-49.89444444,443.49
3542206,A718,Rancharia,2006-09-01,-22.37277777,-50.97472221,398.75
3504503,A725,Avare,2006-09-22,-23.10166666,-48.9411111,776.36
3538709,A726,Piracicaba,2006-09-26,-22.70305555,-47.62333332,566.46
3527108,A727,Lins,2006-09-20,-21.66611111,-49.73472221,460.65
3554102,A728,Taubate,2006-12-20,-23.04166666,-45.52083332,582.26
3557105,A729,Votuporanga,2006-12-04,-20.40333333,-49.96611111,510.37
3524808,A733,Jales,2007-08-22,-20.165,-50.59499999,460.44
3506201,A734,Valparaiso,2007-08-30,-21.31916666,-50.93027777,381.9
3525706,A735,Jose Bonifacio,2007-09-03,-21.08555555,-49.92027777,408.35
3503703,A736,Ariranha,2007-11-13,-21.13305554,-48.84055555,525.44
3519600,A737,Ibitinga,2007-11-09,-21.85555555,-48.79972221,496.75
3510807,A738,Casa Branca,2007-06-25,-21.78055554,-47.07527777,734.15
3522604,A739,Itapira,2007-11-05,-22.415,-46.80527777,634.89
3550001,A740,Sao Luis Do Paraitinga,2007-11-01,-23.22833332,-45.41694443,862.3
3505302,A741,Barra Bonita,2008-04-24,-22.4711111,-48.5575,533.68
3507605,A744,Braganca Paulista,2017-12-20,-22.951944,-46.530556,891
3505401,A746,Barra Do Turvo,2008-07-03,-24.96277777,-48.41638888,659.89
3540903,A747,Pradopolis,2008-04-22,-21.33833333,-48.11388888,540.41
3505500,A748,Barretos,2010-06-19,-20.55916666,-48.54499999,534.36
3524105,A753,Ituverava,2008-07-17,-20.35972222,-47.77527777,610.58
3505708,A755,Barueri,2011-03-29,-23.52388888,-46.86944443,776.5
3514403,A762,Dracena,2016-11-03,-21.45777777,-51.55222222,720
3529005,A763,Marilia,2017-05-15,-22.235222,-49.965111,660
3506102,A764,Bebedouro,2016-10-27,-20.94916666,-48.48999999,790
3506359,A765,Bertioga,2017-02-01,-23.84472221,-46.14333333,5
3542602,A766,Registro,2017-02-09,-24.53305554,-47.86416666,35
3550704,A767,Sao Sebastiao,2017-10-25,-23.81083333,-45.4025,24
3555000,A768,Tupa,2017-05-12,-21.927251,-50.490251,498
3508603,A769,Cachoeira Paulista,2017-10-20,-22.68888888,-45.00555555,586
3550902,A770,Sao Simao,2019-07-03,-21.46111111,-47.57944443,620
3550308,A771,Sao Paulo - Interlagos,2018-03-14,-23.724501,-46.677501,771
4106902,A807,Curitiba,2003-01-28,-25.4486111,-49.23055554,922.91
4111407,A818,Ivai,2006-07-11,-25.01083333,-50.85388888,803.58
4104907,A819,Castro,2006-07-09,-24.78694444,-49.99916666,993.6
4114609,A820,Mal. Candido Rondon,2006-11-18,-24.53333333,-54.01916666,392.07
4112801,A821,Joaquim Tavora,2006-11-23,-23.505266,-49.946387,512.67
4117271,A822,Nova Tebas,2006-12-21,-24.43722221,-51.96305555,656.24
4110201,A823,Inacio Martins,2006-10-16,-25.567879,-51.077946,1208.85
4109906,A824,Icaraima,2006-11-16,-23.39027777,-53.63583333,381.29
4108601,A825,Goioere,2006-10-19,-24.15833333,-53.03055554,452.34
4115200,A835,Maringa,2006-11-21,-23.40527777,-51.93277777,548.51
4117008,A842,Nova Fatima,2007-02-08,-23.41527777,-50.57777777,664.31
4107207,A843,Dois Vizinhos,2007-03-29,-25.69916666,-53.09527777,545.95
4108304,A846,Foz Do Iguacu,2008-02-15,-25.60194444,-54.48305554,235.09
4107108,A849,Diamante Do Norte,2008-03-06,-22.63944444,-52.89027777,368.22
4118303,A850,Paranapoema,2008-03-04,-22.65833333,-52.13444444,308.7
4119806,A855,Planalto,2007-11-07,-25.72194443,-53.74805555,399.1
4105607,A869,Cidade Gaucha,2008-03-11,-23.359156,-52.931912,365.79
4112306,A871,Japira,2008-02-29,-23.77333332,-50.18055554,692.88
4128534,A872,Ventania,2011-04-15,-24.28027777,-50.21027777,1093.41
4116208,A873,Morretes,2008-03-13,-25.508935,-48.808681,50.31
4125605,A874,Sao Mateus Do Sul,2011-04-17,-25.83555555,-50.36888888,780.21
4108502,A875,General Carneiro,2008-04-30,-26.3986111,-51.35361111,1009.01
4105706,A876,Clevelandia,2008-05-15,-26.41722221,-52.3486111,966.06
4103909,B803,Campina Da Lagoa,2016-08-04,-24.57083332,-52.80027777,598
4113304,B804,Laranjeiras Do Sul,2016-08-07,-25.36888888,-52.39194444,835
4105805,B806,Colombo,2016-06-01,-25.322464,-49.157733,950
4314902,A801,Porto Alegre,2000-09-22,-30.05361111,-51.17472221,41.18
4315602,A802,Rio Grande,2001-11-16,-32.07888888,-52.16777777,4.92
4316907,A803,Santa Maria,2001-11-26,-29.72499999,-53.72055554,103.1
4317103,A804,Santana Do Livramento,2001-11-22,-30.75055555,-55.40138888,196
4317806,A805,Santo Augusto,2001-12-05,-27.854345,-53.791179,489.67
4321501,A808,Torres,2006-06-01,-29.35027777,-49.73333333,8.44
4322400,A809,Uruguaiana,2006-09-28,-29.83987,-57.081899,74.29
4317202,A810,Santa Rosa,2006-11-15,-27.890463,-54.480014,272.84
4304507,A811,Cangucu,2007-01-24,-31.40333333,-52.70083333,446.81
4302808,A812,Cacapava Do Sul,2006-06-22,-30.54527777,-53.46694443,420.82
4315701,A813,Rio Pardo,2006-09-30,-29.87222221,-52.38194443,106.99
4300406,A826,Alegrete,2006-09-28,-29.709083,-55.525486,120.88
4301602,A827,Bage,2007-01-04,-31.34777777,-54.01333333,226.19
4307005,A828,Erechim,2006-11-25,-27.65771,-52.305805,777.08
4318622,A829,Sao Jose Dos Ausentes,2006-10-26,-28.748615,-50.057869,1228.59
4318002,A830,Sao Borja,2007-07-21,-28.65,-56.01638888,81.08
4315305,A831,Quarai,2007-10-17,-30.368578,-56.437115,113.05
4318309,A832,Sao Gabriel,2007-07-11,-30.341438,-54.310909,114.89
4317400,A833,Santiago,2009-02-04,-29.191599,-54.885653,390.03
4321600,A834,Tramandai,2008-03-09,-30.01027777,-50.13583333,4.56
4311007,A836,Jaguarao,2007-01-09,-32.53472221,-53.37583332,31.48
4320800,A837,Soledade,2008-03-01,-28.859211,-52.542387,660.44
4303509,A838,Camaqua,2006-12-12,-30.807953,-51.83424,92.3
4314100,A839,Passo Fundo,2006-11-27,-28.226805,-52.403582,680.67
4302105,A840,Bento Goncalves,2006-12-01,-29.164581,-51.534202,623.27
4311304,A844,Lagoa Vermelha,2007-03-02,-28.222381,-51.512845,833.83
4318903,A852,Sao Luiz Gonzaga,2007-07-25,-28.41722221,-54.9625,245.5
4306106,A853,Cruz Alta,2007-05-31,-28.60344,-53.673597,426.69
4308508,A854,Frederico Westphalen,2007-12-14,-27.39555555,-53.42944443,489.42
4313706,A856,Palmeira Das Missoes,2008-02-26,-27.92027777,-53.31805554,614.11
4321352,A878,Mostardas,2008-03-11,-31.24833333,-50.90638888,3.82
4304408,A879,Canela,2008-08-23,-29.36888888,-50.82722221,830.93
4322509,A880,Vacaria,2008-04-26,-28.513602,-50.882738,969.89
4306601,A881,Dom Pedrito,2010-04-23,-31.0025,-54.61805554,150
4321451,A882,Teutonia,2012-10-04,-29.45027777,-51.82416666,80.41
4310009,A883,Ibiruba,2012-12-13,-28.653458,-53.111881,455.27
4303905,A884,Campo Bom,2013-11-29,-29.674293,-51.064042,23.35
4322202,A886,Tupancireta,2016-08-11,-29.0893814,-53.82665025,462
4304663,A887,Capao Do Leao (Pelotas),2019-07-18,-31.8025,-52.40722222,13
4319802,A889,Sao Vicente Do Sul,2016-04-06,-29.70222222,-54.69444444,134
4306908,A893,Encruzilhada Do Sul,2018-03-15,-30.54305555,-52.52472221,427.75
4320404,A894,Serafina Correa,2016-04-01,-28.704806,-51.870751,545
4303608,A897,Cambara Do Sul,2016-11-24,-29.049125,-50.149636,1017
4317301,A899,Santa Vitoria Do Palmar - Barra Do Chui,2008-03-08,-33.742297,-53.372218,7.41
4216602,A806,Florianopolis,2003-01-22,-27.60253,-48.620096,4.87
4219002,A814,Urussanga,2008-05-29,-28.53249999,-49.31527777,40.56
4216503,A815,Sao Joaquim,2008-04-12,-28.27564,-49.934617,1400.06
4211652,A816,Novo Horizonte,2008-09-20,-26.40638888,-52.85027777,943.57
4207502,A817,Indaial,2006-07-02,-26.913704,-49.267978,72.24
4209003,A841,Joacaba,2007-09-20,-27.16916666,-51.55888888,767.63
4202503,A845,Bom Jardim Da Serra - Morro Da Igreja,2007-06-17,-28.126992,-49.47961,1790.38
4205001,A848,Dionisio Cerqueira,2008-05-31,-26.286562,-53.633114,807.54
4208450,A851,Itapoa,2007-06-06,-26.08138888,-48.64166666,6.18
4217204,A857,Sao Miguel Do Oeste,2008-03-12,-26.7861111,-53.51388888,645
4219507,A858,Xanxere,2008-03-15,-26.938666,-52.39809,878.74
4203006,A859,Cacador,2008-03-19,-26.819156,-50.98552,944.26
4204806,A860,Curitibanos,2008-02-28,-27.288624,-50.604283,978.1
4214508,A861,Rio Do Campo,2008-03-10,-26.93749999,-50.14555555,591.67
4215000,A862,Rio Negrinho,2008-03-22,-26.2486111,-49.57416666,800
4208500,A863,Ituporanga,2008-03-04,-27.41833332,-49.64694444,479.79
4210308,A864,Major Vieira,2009-02-09,-26.3936111,-50.36333333,799.58
4209300,A865,Lages,2014-11-06,-27.80222222,-50.33555555,952.7
4209409,A866,Laguna  - Farol De Santa Marta,2008-06-01,-28.60444444,-48.81333333,34.36
4201406,A867,Ararangua,2008-09-28,-28.931353,-49.49792,2
4208203,A868,Itajai,2010-06-24,-26.95083333,-48.76194444,9.76
4214300,A870,Rancho Queimado,2016-05-31,-27.6786111,-49.04194444,881
4204202,A895,Chapeco,2019-02-19,-27.0853111,-52.6357111,679
4203600,A898,Campos Novos,2019-02-15,-27.3886111,-51.21583333,963
5102504,A941,Caceres,2012-03-30,-16.07472221,-57.69305555,123.53
,A302,Arq.sao Pedro E Sao Paulo,2003-11-02,0.916877,-29.345904,15
,C891,Criosfera,2012-01-09,-84,-79.49416666,1285
5107065,A916,Querencia,2007-07-18,-12.627315,-52.220891,360.59
2919801,A454,Macaubas,2016-04-07,-13.03888888,-42.61722221,574
2110500,S108,Sao Bento,2016-12-01,-2.7,-44.85,
2210508,A362,Sao Pedro Do Piaui,2009-05-20,-5.91111111,-42.7186111,287
1303700,S102,Pef Ipiranga,2016-12-01,-2.93055554,-69.69527777,
1302603,S103,Crmn Manaus,2016-12-01,-3.02249999,-60.05555555,
1304062,S105,Dtcea Tabatinga,2016-12-01,-4.25055555,-69.93499999,
1303809,S115,Pef Yauarete,2016-12-01,0.59944444,-69.19194444,
1300201,S116,Pef Estirao Do Equador,2016-12-01,-4.52999999,-71.61749999,
1304203,S117,Dtcea Tefe,2016-12-01,-3.37722221,-64.72305554,
1303601,S121,Santa Isabel Do Rio Negro,2016-12-01,-0.41444444,-65.01749999,
1502939,S107,Dom Eliseu,2016-12-01,-4.28999999,-47.55,
1508126,S111,Ulianopolis,2016-12-01,-3.8,-47.51,
1503754,S120,Dtcea Jacareacanga,2016-12-01,-6.23722221,-57.77499999,
1100080,S101,Forte Principe,2016-12-01,-12.42999999,-64.41999999,
1100304,S104,Dtcea Vilhena,2016-12-01,-12.75055555,-60.14916666,
1100106,S110,Dtcea Guajara-Mirim,2016-12-01,-10.78999999,-65.33277777,
1400233,S113,Baliza,2016-12-01,0.94777777,-59.74638888,
1400456,S114,Pacaraima,2016-12-01,4.47749999,-61.14916666,
1400159,S122,Eb_pef_bonfim,2016-12-01,3.35888888,-59.82388888,
4118204,A847,Ilha Do Mel,2007-03-23,-25.49444444,-48.32583332,1
2203701,A338,Esperantina,2007-12-03,-3.90083333,-42.23694444,65
